id,name,model_id:id,group_id:id,perm_read,perm_write,perm_create,perm_unlink
access_saas_backup_config_admin,saas.backup.config admin,model_saas_backup_config,base.group_system,1,1,1,1
access_saas_backup_dashboard_admin,saas.backup.dashboard admin,model_saas_backup_dashboard,base.group_system,1,1,1,1
access_saas_backup_file_admin,saas.backup.file admin,model_saas_backup_file,base.group_system,1,1,1,1
access_saas_backup_log_admin,saas.backup.log admin,model_saas_backup_log,base.group_system,1,1,1,1
access_saas_backup_browser_admin,saas.backup.browser admin,model_saas_backup_browser,base.group_system,1,1,1,1
access_saas_backup_browser_line_admin,saas.backup.browser.line admin,model_saas_backup_browser_line,base.group_system,1,1,1,1
access_saas_backup_restore_wizard_admin,saas.backup.restore.wizard admin,model_saas_backup_restore_wizard,base.group_system,1,1,1,1
access_saas_backup_import_wizard_admin,saas.backup.import.wizard admin,model_saas_backup_import_wizard,base.group_system,1,1,1,1
access_saas_backup_migration_admin,saas.backup.migration admin,model_saas_backup_migration,base.group_system,1,1,1,1
